symptoms,medicine
"itching, diarrhea, cough",Neem Tablets
"vomiting, insomnia, joint pain, sore throat",Neem Tablets
"joint pain, dizziness",Peppermint Oil
"depression, stress",Amla Tablets
"itching, joint pain, sore throat, skin rash",Moringa Powder
"sore throat, joint pain, fatigue",Triphala Juice
"itching, headache",Tulsi Extract
"nausea, headache",Tulsi Extract
"stress, back pain, sore throat",Arjuna Bark
"depression, diarrhea, itching, anxiety",Neem Tablets
"vomiting, sore throat",Fenugreek Seeds
"acne, sore throat, nausea",Licorice Root
"nausea, fatigue, fever, depression",Ginger Powder
"nausea, headache, stress, cough",Tulsi Extract
"acne, back pain",Brahmi Syrup
"muscle pain, stress",Ginger Powder
"headache, anxiety",Moringa Powder
"muscle pain, dizziness, nausea",Ginger Powder
"sore throat, itching, fever, muscle pain",Triphala Juice
"fever, nausea",Fenugreek Seeds
"vomiting, joint pain, constipation",Neem Tablets
"joint pain, diarrhea",Brahmi Syrup
"depression, cough, fatigue",Neem Tablets
"skin rash, insomnia, nausea",Brahmi Syrup
"headache, stress",Licorice Root
"fever, stress, itching",Brahmi Syrup
"vomiting, stress, nausea",Amla Tablets
"dizziness, vomiting, nausea, muscle pain",Brahmi Syrup
"itching, sore throat, joint pain, dizziness",Amla Tablets
"insomnia, fever",Neem Tablets
"skin rash, acne",Arjuna Bark
"diarrhea, anxiety, acne",Ginger Powder
"fatigue, insomnia, cough, vomiting",Peppermint Oil
"joint pain, depression, diarrhea",Triphala Juice
"itching, dizziness, anxiety",Neem Tablets
"dizziness, headache, diarrhea, skin rash",Turmeric Capsules
"constipation, stress, sore throat",Moringa Powder
"fever, anxiety",Triphala Juice
"sore throat, muscle pain",Peppermint Oil
"diarrhea, back pain, skin rash",Brahmi Syrup
"muscle pain, stress, dizziness, vomiting",Shatavari Capsules
"anxiety, acne",Brahmi Syrup
"itching, stress, nausea, muscle pain",Triphala Juice
"itching, depression, dizziness, vomiting",Moringa Powder
"acne, insomnia",Chamomile Tea
"joint pain, diarrhea",Moringa Powder
"back pain, fever, joint pain",Fenugreek Seeds
"itching, stress, joint pain, anxiety",Fenugreek Seeds
"depression, anxiety, acne",Arjuna Bark
"itching, acne, fatigue, constipation",Arjuna Bark
"insomnia, muscle pain, itching, nausea",Triphala Juice
"stress, depression, back pain",Fenugreek Seeds
"joint pain, back pain, skin rash, cough",Amla Tablets
"vomiting, nausea, cough, anxiety",Amla Tablets
"headache, skin rash, cough, itching",Shatavari Capsules
"itching, fever",Amla Tablets
"back pain, cough",Neem Tablets
"nausea, fever, insomnia, fatigue",Shatavari Capsules
"muscle pain, constipation, anxiety, back pain",Shatavari Capsules
"stress, sore throat",Ginger Powder
"fever, joint pain",Chamomile Tea
"skin rash, anxiety",Tulsi Extract
"cough, dizziness, vomiting",Shatavari Capsules
"stress, diarrhea, back pain, insomnia",Chamomile Tea
"fever, constipation",Tulsi Extract
"fatigue, back pain, stress",Arjuna Bark
"itching, diarrhea, stress, sore throat",Ashwagandha Capsules
"fatigue, constipation, insomnia",Ashwagandha Capsules
"itching, nausea",Tulsi Extract
"headache, skin rash, fatigue, depression",Turmeric Capsules
"constipation, dizziness, insomnia, stress",Ashwagandha Capsules
"dizziness, fatigue",Moringa Powder
"vomiting, sore throat, fatigue",Amla Tablets
"cough, sore throat, insomnia, depression",Turmeric Capsules
"muscle pain, sore throat, skin rash",Turmeric Capsules
"anxiety, back pain, muscle pain, headache",Tulsi Extract
"stress, sore throat",Ginger Powder
"cough, dizziness, muscle pain, headache",Triphala Juice
"vomiting, muscle pain, cough, diarrhea",Chamomile Tea
"fever, insomnia, headache, sore throat",Moringa Powder
"dizziness, acne, itching",Chamomile Tea
"sore throat, back pain, fatigue",Fenugreek Seeds
"joint pain, cough, stress, depression",Shatavari Capsules
"sore throat, anxiety, acne",Licorice Root
"fever, sore throat",Moringa Powder
"fever, insomnia, skin rash, itching",Ashwagandha Capsules
"back pain, fatigue, itching, diarrhea",Turmeric Capsules
"itching, muscle pain, fever",Ashwagandha Capsules
"stress, acne",Turmeric Capsules
"fever, nausea",Moringa Powder
"acne, nausea",Turmeric Capsules
"skin rash, dizziness, back pain, diarrhea",Brahmi Syrup
"sore throat, muscle pain",Tulsi Extract
"dizziness, sore throat, fever, muscle pain",Chamomile Tea
"constipation, headache, fever",Shatavari Capsules
"diarrhea, fatigue",Ginger Powder
"joint pain, muscle pain, diarrhea, headache",Ginger Powder
"acne, stress, nausea",Triphala Juice
"muscle pain, sore throat",Neem Tablets
"cough, vomiting, muscle pain, constipation",Chamomile Tea
"vomiting, constipation, skin rash",Ginger Powder
"headache, muscle pain, back pain, stress",Ashwagandha Capsules
"acne, headache",Tulsi Extract
"itching, insomnia",Arjuna Bark
"fever, depression",Ginger Powder
"insomnia, nausea, acne",Amla Tablets
"nausea, headache, diarrhea",Peppermint Oil
"stress, anxiety",Tulsi Extract
"constipation, vomiting, itching",Moringa Powder
"fatigue, stress",Peppermint Oil
"headache, back pain, depression, stress",Turmeric Capsules
"nausea, dizziness, anxiety",Chamomile Tea
"sore throat, anxiety",Ashwagandha Capsules
"constipation, depression, joint pain",Ashwagandha Capsules
"cough, dizziness, fatigue, constipation",Brahmi Syrup
"itching, muscle pain, fatigue",Brahmi Syrup
"constipation, stress",Peppermint Oil
"acne, sore throat",Amla Tablets
"itching, headache",Turmeric Capsules
"stress, back pain",Ginger Powder
"vomiting, back pain, skin rash, itching",Shatavari Capsules
"sore throat, itching, headache, fever",Arjuna Bark
"insomnia, headache, nausea, muscle pain",Brahmi Syrup
"stress, depression, joint pain",Triphala Juice
"anxiety, depression",Chamomile Tea
"nausea, fatigue, vomiting",Ashwagandha Capsules
"constipation, dizziness, fever",Licorice Root
"stress, fever, anxiety, acne",Fenugreek Seeds
"skin rash, muscle pain, cough, itching",Chamomile Tea
"acne, insomnia",Ashwagandha Capsules
"insomnia, joint pain",Peppermint Oil
"vomiting, diarrhea, skin rash, headache",Peppermint Oil
"back pain, constipation, sore throat",Ginger Powder
"cough, anxiety",Licorice Root
"sore throat, joint pain, insomnia",Amla Tablets
"depression, headache, fever, sore throat",Neem Tablets
"cough, stress, fever, insomnia",Fenugreek Seeds
"back pain, nausea",Amla Tablets
"stress, sore throat",Ginger Powder
"cough, back pain, stress",Ginger Powder
"back pain, headache",Tulsi Extract
"vomiting, anxiety, sore throat, headache",Triphala Juice
"skin rash, joint pain",Triphala Juice
"insomnia, stress, acne",Moringa Powder
"skin rash, stress, muscle pain, itching",Ginger Powder
"stress, insomnia, nausea, sore throat",Shatavari Capsules
"stress, anxiety, skin rash",Turmeric Capsules
"cough, sore throat",Chamomile Tea
"diarrhea, cough, fatigue",Peppermint Oil
"constipation, nausea",Arjuna Bark
"muscle pain, cough, headache, joint pain",Fenugreek Seeds
"fever, back pain",Licorice Root
"fever, acne, stress",Triphala Juice
"dizziness, depression",Arjuna Bark
"back pain, nausea",Ginger Powder
"anxiety, sore throat, insomnia",Ginger Powder
"stress, sore throat, anxiety",Neem Tablets
"depression, vomiting, back pain, diarrhea",Licorice Root
"muscle pain, vomiting",Amla Tablets
"constipation, depression, vomiting, headache",Triphala Juice
"dizziness, sore throat, fever",Arjuna Bark
"dizziness, insomnia",Peppermint Oil
"acne, itching",Turmeric Capsules
"vomiting, skin rash",Peppermint Oil
"fever, acne, depression, back pain",Turmeric Capsules
"anxiety, headache",Brahmi Syrup
"skin rash, acne, headache",Peppermint Oil
"fatigue, muscle pain, depression, cough",Ashwagandha Capsules
"depression, skin rash, headache, back pain",Tulsi Extract
"anxiety, acne",Fenugreek Seeds
"anxiety, muscle pain, itching, cough",Amla Tablets
"vomiting, constipation, joint pain, back pain",Arjuna Bark
"vomiting, constipation, acne",Ginger Powder
"fatigue, fever, cough, acne",Amla Tablets
"fatigue, stress",Peppermint Oil
"skin rash, fatigue",Turmeric Capsules
"skin rash, nausea, back pain, headache",Chamomile Tea
"itching, headache",Ginger Powder
"anxiety, fever, headache",Chamomile Tea
"fatigue, headache, muscle pain",Triphala Juice
"nausea, anxiety, skin rash, cough",Amla Tablets
"cough, diarrhea, back pain, vomiting",Neem Tablets
"constipation, anxiety, itching",Turmeric Capsules
"anxiety, dizziness",Shatavari Capsules
"vomiting, itching, sore throat, anxiety",Shatavari Capsules
"constipation, depression, joint pain, skin rash",Shatavari Capsules
"vomiting, acne, itching, stress",Triphala Juice
"sore throat, nausea, depression",Brahmi Syrup
"constipation, diarrhea, sore throat, acne",Neem Tablets
"sore throat, nausea",Chamomile Tea
"insomnia, joint pain, sore throat",Licorice Root
"muscle pain, diarrhea, sore throat",Chamomile Tea
"vomiting, itching",Fenugreek Seeds
"depression, dizziness",Peppermint Oil
"joint pain, stress, headache",Turmeric Capsules
"back pain, cough, joint pain",Amla Tablets
"vomiting, constipation, fatigue",Triphala Juice
"headache, diarrhea, back pain, muscle pain",Moringa Powder
"stress, skin rash, depression, diarrhea",Ashwagandha Capsules
"dizziness, insomnia",Chamomile Tea
"back pain, cough, muscle pain",Fenugreek Seeds
"constipation, dizziness, fatigue",Licorice Root
"fatigue, dizziness, acne",Neem Tablets
"stress, anxiety, nausea, joint pain",Ginger Powder
"insomnia, fever, back pain, acne",Shatavari Capsules
"joint pain, vomiting",Tulsi Extract
"stress, fatigue, headache",Licorice Root
"fatigue, sore throat, back pain, muscle pain",Peppermint Oil
"muscle pain, skin rash, depression, stress",Triphala Juice
"fever, muscle pain",Amla Tablets
"depression, fatigue",Shatavari Capsules
"dizziness, acne, fever, joint pain",Peppermint Oil
"vomiting, fatigue",Peppermint Oil
"dizziness, muscle pain, insomnia",Moringa Powder
"cough, muscle pain",Ginger Powder
"cough, insomnia, skin rash, joint pain",Ashwagandha Capsules
"joint pain, fatigue",Turmeric Capsules
"headache, constipation, joint pain",Shatavari Capsules
"depression, diarrhea",Turmeric Capsules
"skin rash, sore throat, diarrhea",Arjuna Bark
"headache, acne",Arjuna Bark
"headache, fever",Peppermint Oil
"fever, cough, anxiety, acne",Fenugreek Seeds
"anxiety, muscle pain",Turmeric Capsules
"constipation, muscle pain",Neem Tablets
"diarrhea, vomiting, fever, sore throat",Peppermint Oil
"itching, dizziness",Peppermint Oil
"itching, depression, headache",Fenugreek Seeds
"skin rash, fever, sore throat, anxiety",Licorice Root
"insomnia, vomiting",Licorice Root
"constipation, joint pain",Brahmi Syrup
"depression, constipation, vomiting, skin rash",Turmeric Capsules
"depression, itching",Licorice Root
"cough, depression, anxiety",Ashwagandha Capsules
"muscle pain, sore throat",Licorice Root
"skin rash, depression",Arjuna Bark
"headache, acne",Brahmi Syrup
"headache, diarrhea, skin rash, vomiting",Tulsi Extract
"sore throat, fever, insomnia, back pain",Tulsi Extract
"itching, muscle pain",Fenugreek Seeds
"muscle pain, diarrhea, fever",Turmeric Capsules
"joint pain, acne, dizziness",Brahmi Syrup
"itching, back pain, constipation",Brahmi Syrup
"cough, depression, sore throat, itching",Brahmi Syrup
"skin rash, cough",Brahmi Syrup
"fatigue, skin rash, depression",Peppermint Oil
"nausea, muscle pain, itching",Licorice Root
"anxiety, skin rash, dizziness, depression",Fenugreek Seeds
"headache, diarrhea, depression, cough",Triphala Juice
"stress, diarrhea",Amla Tablets
"sore throat, insomnia",Moringa Powder
"depression, vomiting",Chamomile Tea
"anxiety, vomiting, depression",Licorice Root
"cough, headache, stress",Triphala Juice
"fatigue, acne, stress",Amla Tablets
"headache, diarrhea, acne",Turmeric Capsules
"constipation, insomnia, vomiting",Arjuna Bark
"cough, headache, sore throat",Tulsi Extract
"acne, itching",Fenugreek Seeds
"joint pain, fatigue",Neem Tablets
"fatigue, insomnia, acne, muscle pain",Triphala Juice
"dizziness, headache, muscle pain, anxiety",Ashwagandha Capsules
"skin rash, diarrhea, fatigue",Licorice Root
"dizziness, vomiting",Arjuna Bark
"muscle pain, depression, insomnia, acne",Moringa Powder
"skin rash, acne, constipation, anxiety",Moringa Powder
"stress, cough, headache, diarrhea",Ashwagandha Capsules
"insomnia, vomiting, anxiety",Neem Tablets
"stress, anxiety, nausea",Ashwagandha Capsules
"anxiety, skin rash, nausea",Brahmi Syrup
"nausea, headache, muscle pain",Ashwagandha Capsules
"constipation, back pain, insomnia, nausea",Ginger Powder
"fatigue, skin rash, insomnia",Turmeric Capsules
"cough, itching, insomnia",Chamomile Tea
"fever, constipation, fatigue",Shatavari Capsules
"cough, insomnia",Moringa Powder
"nausea, acne, skin rash",Fenugreek Seeds
"vomiting, anxiety, fatigue",Fenugreek Seeds
"back pain, stress, vomiting",Arjuna Bark
"muscle pain, acne, fever, nausea",Arjuna Bark
"insomnia, sore throat, headache, stress",Turmeric Capsules
"stress, itching, skin rash, back pain",Ginger Powder
"acne, back pain",Neem Tablets
"back pain, depression, acne",Arjuna Bark
"dizziness, nausea",Fenugreek Seeds
"fever, sore throat, headache",Brahmi Syrup
"joint pain, itching",Tulsi Extract
"depression, insomnia",Licorice Root
"stress, fatigue, depression, acne",Fenugreek Seeds
"nausea, back pain",Triphala Juice
"nausea, diarrhea, anxiety",Brahmi Syrup
"anxiety, fever, nausea, diarrhea",Peppermint Oil
"vomiting, diarrhea, joint pain",Moringa Powder
"anxiety, nausea, back pain, cough",Fenugreek Seeds
"muscle pain, cough",Turmeric Capsules
"vomiting, constipation, dizziness, itching",Moringa Powder
"depression, fatigue, acne",Fenugreek Seeds
"dizziness, acne",Ginger Powder
"muscle pain, skin rash, cough",Turmeric Capsules
"fatigue, fever",Peppermint Oil
"fatigue, headache",Amla Tablets
"anxiety, back pain, nausea",Licorice Root
"insomnia, back pain, depression",Ashwagandha Capsules
"back pain, muscle pain, nausea",Peppermint Oil
"vomiting, dizziness",Amla Tablets
"fatigue, fever, constipation, nausea",Tulsi Extract
"muscle pain, insomnia",Shatavari Capsules
"headache, fatigue, nausea, dizziness",Licorice Root
"insomnia, joint pain, vomiting, muscle pain",Fenugreek Seeds
"constipation, vomiting, skin rash",Tulsi Extract
"insomnia, nausea",Fenugreek Seeds
"diarrhea, insomnia, nausea",Moringa Powder
"headache, muscle pain, fever, anxiety",Fenugreek Seeds
"fatigue, acne, skin rash",Neem Tablets
"skin rash, stress, sore throat, anxiety",Ashwagandha Capsules
"nausea, depression",Tulsi Extract
"vomiting, itching, anxiety, muscle pain",Peppermint Oil
"muscle pain, anxiety",Licorice Root
"cough, constipation, sore throat",Chamomile Tea
"insomnia, acne",Turmeric Capsules
"acne, vomiting, sore throat",Arjuna Bark
"joint pain, muscle pain",Tulsi Extract
"headache, diarrhea, stress, joint pain",Moringa Powder
"cough, muscle pain, back pain, joint pain",Amla Tablets
"dizziness, joint pain",Amla Tablets
"joint pain, diarrhea",Neem Tablets
"stress, nausea, vomiting, dizziness",Shatavari Capsules
"stress, headache",Turmeric Capsules
"anxiety, cough",Triphala Juice
"insomnia, diarrhea, acne",Turmeric Capsules
"back pain, dizziness, acne, itching",Arjuna Bark
"constipation, nausea, skin rash, dizziness",Turmeric Capsules
"constipation, back pain, headache",Fenugreek Seeds
"skin rash, headache, cough",Arjuna Bark
"itching, joint pain, diarrhea, muscle pain",Fenugreek Seeds
"insomnia, stress, muscle pain",Ashwagandha Capsules
"cough, itching",Triphala Juice
"constipation, fatigue, itching, back pain",Shatavari Capsules
"vomiting, itching, fatigue",Moringa Powder
"skin rash, joint pain, vomiting, muscle pain",Ashwagandha Capsules
"joint pain, headache, fever, acne",Triphala Juice
"depression, anxiety, stress",Peppermint Oil
"muscle pain, anxiety, vomiting",Chamomile Tea
"nausea, vomiting",Ginger Powder
"stress, acne, diarrhea, fatigue",Ginger Powder
"fever, skin rash",Neem Tablets
"anxiety, nausea, joint pain, diarrhea",Peppermint Oil
"sore throat, headache, diarrhea",Neem Tablets
"muscle pain, cough, joint pain, itching",Triphala Juice
"muscle pain, acne",Neem Tablets
"cough, back pain, depression, anxiety",Shatavari Capsules
"fever, insomnia",Shatavari Capsules
"insomnia, stress, constipation",Turmeric Capsules
"nausea, stress, fever, skin rash",Peppermint Oil
"itching, nausea, headache, fatigue",Turmeric Capsules
"dizziness, sore throat",Brahmi Syrup
"constipation, insomnia",Fenugreek Seeds
"constipation, acne",Arjuna Bark
"fatigue, acne, depression",Fenugreek Seeds
"itching, constipation, sore throat",Licorice Root
"anxiety, diarrhea",Ashwagandha Capsules
"dizziness, acne, muscle pain",Triphala Juice
"dizziness, skin rash",Chamomile Tea
"nausea, insomnia, dizziness, headache",Triphala Juice
"itching, stress",Licorice Root
"headache, fever, muscle pain, cough",Fenugreek Seeds
"fatigue, stress, depression",Neem Tablets
"skin rash, stress, back pain",Licorice Root
"vomiting, fever, joint pain, stress",Licorice Root
"stress, depression",Moringa Powder
"fatigue, acne",Brahmi Syrup
"dizziness, depression",Peppermint Oil
"diarrhea, muscle pain",Ashwagandha Capsules
"cough, headache",Fenugreek Seeds
"dizziness, insomnia, fatigue",Ginger Powder
"itching, skin rash",Shatavari Capsules
"back pain, skin rash, diarrhea",Shatavari Capsules
"fever, itching, nausea",Tulsi Extract
"vomiting, itching, fatigue, back pain",Ashwagandha Capsules
"anxiety, acne",Ashwagandha Capsules
"depression, fatigue, cough, insomnia",Turmeric Capsules
"fever, diarrhea, back pain, sore throat",Chamomile Tea
"fever, sore throat",Arjuna Bark
"diarrhea, acne",Licorice Root
"back pain, vomiting",Brahmi Syrup
"fatigue, acne, fever",Shatavari Capsules
"fatigue, constipation, acne",Arjuna Bark
"muscle pain, vomiting",Licorice Root
"itching, insomnia",Tulsi Extract
"constipation, joint pain",Amla Tablets
"stress, headache",Turmeric Capsules
"muscle pain, joint pain, stress, sore throat",Brahmi Syrup
"fever, insomnia, headache",Neem Tablets
"back pain, constipation, sore throat",Ginger Powder
"skin rash, constipation, fever, anxiety",Arjuna Bark
"fever, nausea",Arjuna Bark
"headache, joint pain, vomiting, acne",Brahmi Syrup
"cough, joint pain, diarrhea, anxiety",Moringa Powder
"cough, fatigue, headache",Turmeric Capsules
"stress, sore throat, diarrhea, nausea",Shatavari Capsules
"headache, acne",Ashwagandha Capsules
"muscle pain, back pain, skin rash",Arjuna Bark
"nausea, diarrhea, joint pain, cough",Licorice Root
"depression, constipation",Neem Tablets
"depression, dizziness, fatigue",Fenugreek Seeds
"fever, sore throat",Triphala Juice
"constipation, skin rash, depression",Fenugreek Seeds
"nausea, dizziness, vomiting",Turmeric Capsules
"insomnia, sore throat, itching, depression",Arjuna Bark
"sore throat, itching, back pain",Neem Tablets
"vomiting, dizziness, fever",Neem Tablets
"vomiting, dizziness, fatigue",Ashwagandha Capsules
"sore throat, acne",Brahmi Syrup
"headache, muscle pain, dizziness, depression",Moringa Powder
"insomnia, muscle pain",Amla Tablets
"constipation, joint pain, insomnia, fatigue",Peppermint Oil
"constipation, headache, fatigue",Ginger Powder
"muscle pain, fever, sore throat, anxiety",Triphala Juice
"depression, insomnia, joint pain, stress",Fenugreek Seeds
"insomnia, back pain, headache",Arjuna Bark
"joint pain, sore throat",Ashwagandha Capsules
"fever, fatigue",Peppermint Oil
"stress, cough, vomiting, fatigue",Turmeric Capsules
"skin rash, anxiety, fever, nausea",Shatavari Capsules
"fatigue, vomiting, cough, depression",Arjuna Bark
"diarrhea, skin rash",Amla Tablets
"itching, anxiety, nausea",Arjuna Bark
"joint pain, sore throat, anxiety",Brahmi Syrup
"cough, fatigue",Ginger Powder
"nausea, skin rash, diarrhea",Ginger Powder
"dizziness, joint pain, muscle pain",Shatavari Capsules
"skin rash, fever, cough, stress",Amla Tablets
"fever, dizziness, joint pain, back pain",Arjuna Bark
"constipation, itching",Ginger Powder
"skin rash, fatigue, stress, depression",Licorice Root
"skin rash, itching, fever",Triphala Juice
"fatigue, stress, back pain, cough",Licorice Root
"nausea, diarrhea, muscle pain, fatigue",Moringa Powder
"joint pain, stress, headache, dizziness",Triphala Juice
"back pain, cough",Fenugreek Seeds
"back pain, vomiting, fatigue, insomnia",Arjuna Bark
"diarrhea, joint pain",Neem Tablets
"insomnia, nausea",Shatavari Capsules
"nausea, skin rash, cough",Ginger Powder
"joint pain, anxiety, nausea",Brahmi Syrup
"anxiety, vomiting, headache",Amla Tablets
"fever, stress, acne",Neem Tablets
"back pain, dizziness",Turmeric Capsules
"vomiting, anxiety, acne, fever",Shatavari Capsules
"vomiting, cough, constipation",Triphala Juice
"joint pain, insomnia, fever, nausea",Chamomile Tea
"anxiety, constipation, cough",Chamomile Tea
"nausea, vomiting, back pain, joint pain",Ashwagandha Capsules
"headache, back pain, fatigue, itching",Licorice Root
"insomnia, depression, skin rash",Triphala Juice
"joint pain, cough, itching, insomnia",Amla Tablets
"nausea, back pain, skin rash, itching",Ginger Powder
"back pain, nausea",Arjuna Bark
"depression, skin rash",Tulsi Extract
"muscle pain, diarrhea, back pain",Arjuna Bark
"vomiting, fatigue, cough",Turmeric Capsules
"muscle pain, cough",Peppermint Oil
"joint pain, fatigue, itching",Licorice Root
"depression, insomnia",Turmeric Capsules
"constipation, depression, acne",Ashwagandha Capsules
"headache, muscle pain",Moringa Powder
"dizziness, joint pain, insomnia",Triphala Juice
"joint pain, muscle pain",Tulsi Extract
"stress, fatigue, sore throat",Peppermint Oil
"vomiting, stress, depression, constipation",Tulsi Extract
"skin rash, cough, muscle pain",Shatavari Capsules
"itching, joint pain, fatigue, acne",Chamomile Tea
"vomiting, cough",Fenugreek Seeds
"depression, diarrhea",Brahmi Syrup
"cough, acne, skin rash, nausea",Chamomile Tea
"constipation, insomnia, vomiting",Neem Tablets
"sore throat, fatigue",Arjuna Bark
"back pain, skin rash, fever",Moringa Powder
"dizziness, vomiting, headache, acne",Arjuna Bark
"muscle pain, vomiting, itching, sore throat",Peppermint Oil
"joint pain, itching, insomnia",Peppermint Oil
"skin rash, sore throat, joint pain, nausea",Shatavari Capsules
"depression, skin rash, cough, sore throat",Fenugreek Seeds
"anxiety, sore throat, muscle pain",Triphala Juice
"muscle pain, joint pain",Moringa Powder
"back pain, vomiting, insomnia",Licorice Root
"sore throat, cough, insomnia",Licorice Root
"dizziness, headache, skin rash",Licorice Root
"stress, headache",Tulsi Extract
"acne, fatigue",Moringa Powder
"dizziness, acne, constipation",Fenugreek Seeds
"diarrhea, fever, insomnia, anxiety",Peppermint Oil
"fever, diarrhea, muscle pain",Fenugreek Seeds
"joint pain, itching, fever, diarrhea",Moringa Powder
"joint pain, cough",Tulsi Extract
"constipation, headache, joint pain, stress",Moringa Powder
"vomiting, nausea, headache",Shatavari Capsules
"skin rash, muscle pain, cough, stress",Peppermint Oil
"constipation, insomnia",Licorice Root
"itching, acne, stress, skin rash",Ashwagandha Capsules
"stress, back pain, nausea",Fenugreek Seeds
"dizziness, itching",Ginger Powder
"skin rash, stress, vomiting, muscle pain",Triphala Juice
"itching, insomnia, sore throat, stress",Shatavari Capsules
"muscle pain, fever, fatigue, constipation",Chamomile Tea
"diarrhea, skin rash",Ginger Powder
"diarrhea, fever, vomiting, fatigue",Ashwagandha Capsules
"back pain, dizziness, acne, fever",Ashwagandha Capsules
"fatigue, anxiety, itching, depression",Arjuna Bark
"itching, skin rash, constipation, dizziness",Peppermint Oil
"vomiting, anxiety, insomnia, back pain",Triphala Juice
"muscle pain, vomiting",Amla Tablets
"nausea, anxiety",Moringa Powder
"fatigue, skin rash, headache",Chamomile Tea
"skin rash, cough",Tulsi Extract
"skin rash, sore throat, insomnia, joint pain",Moringa Powder
"skin rash, vomiting",Triphala Juice
"insomnia, anxiety, diarrhea",Brahmi Syrup
"skin rash, sore throat, diarrhea, depression",Arjuna Bark
"stress, muscle pain",Turmeric Capsules
"fatigue, itching, dizziness",Shatavari Capsules
"depression, nausea, sore throat, constipation",Brahmi Syrup
"insomnia, back pain, sore throat, depression",Moringa Powder
"headache, vomiting, itching, acne",Tulsi Extract
"fatigue, headache, muscle pain, vomiting",Fenugreek Seeds
"nausea, insomnia, stress",Chamomile Tea
"anxiety, joint pain, vomiting",Triphala Juice
"itching, sore throat, depression",Arjuna Bark
"cough, fever, anxiety",Triphala Juice
"depression, stress",Licorice Root
"itching, joint pain, back pain, cough",Neem Tablets
"diarrhea, acne, constipation, muscle pain",Turmeric Capsules
"vomiting, itching, insomnia",Peppermint Oil
"anxiety, insomnia, constipation, diarrhea",Shatavari Capsules
"constipation, insomnia, joint pain, stress",Tulsi Extract
"anxiety, depression, cough",Triphala Juice
"headache, fatigue, dizziness",Ashwagandha Capsules
"depression, fatigue, anxiety",Tulsi Extract
"vomiting, acne, itching",Triphala Juice
"fatigue, muscle pain",Amla Tablets
"sore throat, depression, skin rash",Brahmi Syrup
"muscle pain, joint pain, nausea, cough",Peppermint Oil
"joint pain, stress, fatigue",Licorice Root
"sore throat, acne, itching",Tulsi Extract
"muscle pain, acne, fatigue",Arjuna Bark
"depression, nausea",Neem Tablets
"diarrhea, acne",Turmeric Capsules
"constipation, skin rash, back pain, joint pain",Neem Tablets
"fever, insomnia, dizziness, back pain",Arjuna Bark
"dizziness, anxiety, fatigue",Fenugreek Seeds
"fever, cough, joint pain",Triphala Juice
"back pain, skin rash, depression",Ashwagandha Capsules
"stress, muscle pain, insomnia",Brahmi Syrup
"nausea, muscle pain",Ginger Powder
"joint pain, diarrhea, fatigue, fever",Brahmi Syrup
"headache, itching",Fenugreek Seeds
"cough, muscle pain, diarrhea, itching",Triphala Juice
"depression, itching, vomiting",Ashwagandha Capsules
"nausea, dizziness, joint pain, fatigue",Fenugreek Seeds
"back pain, insomnia, muscle pain, depression",Licorice Root
"acne, sore throat",Chamomile Tea
"muscle pain, anxiety",Ginger Powder
"cough, skin rash, anxiety, joint pain",Ginger Powder
"muscle pain, joint pain, nausea, insomnia",Neem Tablets
"vomiting, dizziness, fatigue, muscle pain",Brahmi Syrup
"sore throat, itching, anxiety",Neem Tablets
"back pain, headache, anxiety",Moringa Powder
"joint pain, itching",Ashwagandha Capsules
"diarrhea, fever, muscle pain, joint pain",Peppermint Oil
"back pain, nausea, fatigue, headache",Ginger Powder
"muscle pain, anxiety, skin rash, insomnia",Ashwagandha Capsules
"back pain, dizziness, anxiety, muscle pain",Licorice Root
"constipation, itching",Arjuna Bark
"muscle pain, depression, fatigue",Fenugreek Seeds
"headache, insomnia, anxiety, nausea",Turmeric Capsules
"itching, vomiting, fever",Triphala Juice
"cough, diarrhea, muscle pain",Amla Tablets
"insomnia, itching, joint pain, depression",Licorice Root
"insomnia, headache, itching",Arjuna Bark
"stress, vomiting",Arjuna Bark
"depression, diarrhea, dizziness",Fenugreek Seeds
"constipation, insomnia",Tulsi Extract
"fever, acne",Ginger Powder
"diarrhea, insomnia, headache",Neem Tablets
"skin rash, back pain",Turmeric Capsules
"diarrhea, muscle pain, skin rash, back pain",Neem Tablets
"nausea, sore throat, insomnia, skin rash",Shatavari Capsules
"fatigue, joint pain, headache",Fenugreek Seeds
"stress, fatigue, constipation, insomnia",Amla Tablets
"cough, nausea, skin rash, sore throat",Turmeric Capsules
"nausea, headache, joint pain, skin rash",Turmeric Capsules
"vomiting, muscle pain, fever, joint pain",Ginger Powder
"insomnia, fever, constipation, headache",Arjuna Bark
"fever, muscle pain",Fenugreek Seeds
"headache, acne, depression, skin rash",Tulsi Extract
"sore throat, diarrhea, fever",Ginger Powder
"diarrhea, muscle pain",Peppermint Oil
"joint pain, itching, fatigue",Neem Tablets
"fever, muscle pain, sore throat, anxiety",Turmeric Capsules
"sore throat, headache",Turmeric Capsules
"nausea, fever, dizziness, headache",Triphala Juice
"diarrhea, joint pain, fatigue, cough",Chamomile Tea
"acne, skin rash, back pain",Peppermint Oil
"vomiting, muscle pain, insomnia, diarrhea",Amla Tablets
"skin rash, stress, diarrhea",Amla Tablets
"diarrhea, fatigue, nausea",Chamomile Tea
"diarrhea, stress, sore throat, insomnia",Shatavari Capsules
"vomiting, depression, constipation",Peppermint Oil
"fatigue, muscle pain",Amla Tablets
"dizziness, back pain, nausea, muscle pain",Moringa Powder
"insomnia, skin rash, dizziness, acne",Ashwagandha Capsules
"cough, fatigue",Brahmi Syrup
"constipation, cough, headache",Chamomile Tea
"headache, fatigue, cough",Tulsi Extract
"muscle pain, anxiety, vomiting, fatigue",Brahmi Syrup
"vomiting, fever, anxiety, depression",Triphala Juice
"dizziness, fatigue, itching",Licorice Root
"constipation, insomnia, back pain",Moringa Powder
"dizziness, nausea, fatigue, muscle pain",Brahmi Syrup
"muscle pain, dizziness, constipation",Ginger Powder
"stress, constipation",Shatavari Capsules
"anxiety, nausea",Chamomile Tea
"diarrhea, fatigue, constipation",Arjuna Bark
"muscle pain, nausea, headache",Moringa Powder
"itching, nausea, fatigue, muscle pain",Shatavari Capsules
"skin rash, anxiety, headache, depression",Licorice Root
"nausea, stress, vomiting",Brahmi Syrup
"skin rash, stress, diarrhea",Triphala Juice
"sore throat, depression, insomnia",Licorice Root
"muscle pain, acne, nausea, vomiting",Tulsi Extract
"stress, acne",Peppermint Oil
"fever, vomiting, acne, diarrhea",Shatavari Capsules
"acne, skin rash, joint pain, itching",Shatavari Capsules
"nausea, fever, constipation",Neem Tablets
"headache, fever, anxiety",Ginger Powder
"itching, acne, sore throat",Turmeric Capsules
"anxiety, itching, constipation",Fenugreek Seeds
"acne, fatigue",Triphala Juice
"joint pain, depression, insomnia",Brahmi Syrup
"vomiting, nausea, sore throat",Neem Tablets
"cough, itching",Triphala Juice
"acne, depression, constipation, nausea",Peppermint Oil
"dizziness, back pain, muscle pain, vomiting",Ginger Powder
"acne, insomnia, stress",Licorice Root
"vomiting, fever",Moringa Powder
"acne, anxiety",Tulsi Extract
"muscle pain, diarrhea, fever",Amla Tablets
"dizziness, sore throat, fever",Triphala Juice
"headache, fatigue",Neem Tablets
"vomiting, headache, acne",Turmeric Capsules
"anxiety, cough, insomnia, diarrhea",Fenugreek Seeds
"skin rash, anxiety, insomnia",Brahmi Syrup
"fever, joint pain, vomiting",Tulsi Extract
"headache, fatigue, vomiting",Turmeric Capsules
"muscle pain, skin rash, constipation",Ashwagandha Capsules
"itching, vomiting, stress, depression",Arjuna Bark
"headache, back pain, sore throat",Fenugreek Seeds
"dizziness, cough, stress",Arjuna Bark
"acne, itching, vomiting, skin rash",Neem Tablets
"stress, fatigue, diarrhea",Ashwagandha Capsules
"anxiety, sore throat",Neem Tablets
"sore throat, cough, back pain, dizziness",Arjuna Bark
"skin rash, insomnia, itching",Ginger Powder
"cough, diarrhea",Chamomile Tea
"nausea, acne, itching",Tulsi Extract
"itching, fever",Moringa Powder
"muscle pain, cough",Amla Tablets
"joint pain, acne",Peppermint Oil
"diarrhea, fever, anxiety, cough",Ashwagandha Capsules
"sore throat, back pain, dizziness, joint pain",Shatavari Capsules
"fatigue, diarrhea",Ashwagandha Capsules
"itching, headache, nausea",Tulsi Extract
"anxiety, cough",Ginger Powder
"nausea, acne, fatigue, cough",Shatavari Capsules
"skin rash, stress, sore throat, fever",Ginger Powder
"stress, fatigue",Turmeric Capsules
"stress, skin rash, itching, dizziness",Moringa Powder
"skin rash, dizziness, muscle pain",Ashwagandha Capsules
"insomnia, fever",Fenugreek Seeds
"insomnia, stress, vomiting, anxiety",Fenugreek Seeds
"stress, joint pain",Chamomile Tea
"stress, diarrhea, skin rash, fever",Arjuna Bark
"anxiety, back pain, muscle pain",Licorice Root
"headache, dizziness",Tulsi Extract
"back pain, constipation",Arjuna Bark
"acne, depression",Fenugreek Seeds
"muscle pain, vomiting",Chamomile Tea
"cough, constipation, headache, anxiety",Fenugreek Seeds
"diarrhea, sore throat, skin rash",Brahmi Syrup
"headache, nausea, muscle pain, sore throat",Licorice Root
"fatigue, dizziness, itching, constipation",Ginger Powder
"vomiting, insomnia",Tulsi Extract
"muscle pain, anxiety, constipation",Chamomile Tea
"headache, vomiting, acne, insomnia",Ginger Powder
"headache, acne, fever, dizziness",Fenugreek Seeds
"cough, headache",Fenugreek Seeds
"anxiety, constipation",Triphala Juice
"dizziness, stress",Peppermint Oil
"fever, diarrhea, acne",Triphala Juice
"dizziness, depression",Triphala Juice
"stress, acne, depression, muscle pain",Licorice Root
"depression, headache",Licorice Root
"headache, dizziness, sore throat",Peppermint Oil
"sore throat, muscle pain",Brahmi Syrup
"anxiety, skin rash",Chamomile Tea
"sore throat, stress, anxiety, dizziness",Fenugreek Seeds
"dizziness, constipation, anxiety",Neem Tablets
"muscle pain, nausea, skin rash, sore throat",Arjuna Bark
"back pain, headache, joint pain",Arjuna Bark
"depression, acne, sore throat",Turmeric Capsules
"joint pain, vomiting, fatigue",Brahmi Syrup
"depression, skin rash",Turmeric Capsules
"sore throat, stress, back pain, depression",Brahmi Syrup
"constipation, acne, itching",Brahmi Syrup
"vomiting, skin rash",Ginger Powder
"muscle pain, acne",Turmeric Capsules
"anxiety, stress, fatigue",Tulsi Extract
"insomnia, depression",Chamomile Tea
"muscle pain, diarrhea, stress",Amla Tablets
"back pain, stress, anxiety",Licorice Root
"muscle pain, insomnia",Chamomile Tea
"vomiting, headache, stress, nausea",Ginger Powder
"joint pain, anxiety, fatigue",Peppermint Oil
"nausea, joint pain",Neem Tablets
"acne, depression",Triphala Juice
"fever, depression, back pain, muscle pain",Arjuna Bark
"headache, stress",Ginger Powder
"dizziness, depression, diarrhea, stress",Tulsi Extract
"back pain, nausea, acne",Fenugreek Seeds
"dizziness, vomiting, muscle pain",Neem Tablets
"stress, fatigue",Amla Tablets
"back pain, vomiting, diarrhea",Turmeric Capsules
"cough, depression, stress, fever",Shatavari Capsules
"fatigue, skin rash",Fenugreek Seeds
"nausea, anxiety",Tulsi Extract
"stress, depression, fatigue",Brahmi Syrup
"itching, diarrhea, joint pain, insomnia",Licorice Root
"headache, cough, itching, constipation",Ashwagandha Capsules
"acne, depression, nausea",Amla Tablets
"nausea, sore throat",Moringa Powder
"cough, skin rash, diarrhea",Arjuna Bark
"vomiting, constipation, anxiety, cough",Amla Tablets
"sore throat, cough, fever, back pain",Chamomile Tea
"insomnia, acne, depression",Fenugreek Seeds
"stress, muscle pain",Brahmi Syrup
"skin rash, nausea",Ginger Powder
"insomnia, acne, sore throat, fever",Peppermint Oil
"acne, fever, depression, nausea",Shatavari Capsules
"joint pain, depression, constipation, fever",Brahmi Syrup
"depression, fever, insomnia",Amla Tablets
"acne, cough, muscle pain",Chamomile Tea
"headache, fatigue, stress, nausea",Fenugreek Seeds
"acne, vomiting, dizziness",Tulsi Extract
"stress, muscle pain",Ashwagandha Capsules
"skin rash, diarrhea",Licorice Root
"fatigue, constipation, acne",Fenugreek Seeds
"acne, depression, vomiting",Ginger Powder
"sore throat, itching, diarrhea, cough",Ashwagandha Capsules
"joint pain, muscle pain, stress, insomnia",Chamomile Tea
"vomiting, joint pain, diarrhea, itching",Licorice Root
"anxiety, stress, joint pain, constipation",Licorice Root
"acne, insomnia, fever, itching",Ginger Powder
"headache, vomiting",Chamomile Tea
"acne, vomiting, joint pain, sore throat",Triphala Juice
"depression, cough, nausea",Ginger Powder
"sore throat, diarrhea",Moringa Powder
"vomiting, acne",Fenugreek Seeds
"vomiting, skin rash",Amla Tablets
"anxiety, stress, joint pain",Moringa Powder
"vomiting, skin rash",Licorice Root
"cough, fatigue, dizziness",Peppermint Oil
"itching, dizziness",Licorice Root
"fever, insomnia",Turmeric Capsules
"back pain, cough",Ginger Powder
"depression, itching, back pain, joint pain",Licorice Root
"muscle pain, back pain",Fenugreek Seeds
"dizziness, back pain, fatigue, headache",Ashwagandha Capsules
"joint pain, itching",Arjuna Bark
"insomnia, diarrhea",Shatavari Capsules
"sore throat, diarrhea, acne",Arjuna Bark
"constipation, muscle pain, fatigue, joint pain",Neem Tablets
"insomnia, stress",Triphala Juice
"nausea, stress",Neem Tablets
"anxiety, vomiting, insomnia",Triphala Juice
"acne, back pain",Tulsi Extract
"itching, vomiting, acne, insomnia",Neem Tablets
"joint pain, insomnia, vomiting, sore throat",Triphala Juice
"skin rash, stress, fever",Chamomile Tea
"itching, skin rash, fatigue",Fenugreek Seeds
"nausea, constipation",Ginger Powder
"joint pain, insomnia, headache",Ginger Powder
"joint pain, stress, nausea",Ashwagandha Capsules
"anxiety, constipation",Ginger Powder
"constipation, fatigue, muscle pain",Brahmi Syrup
"muscle pain, sore throat, diarrhea",Moringa Powder
"muscle pain, sore throat",Peppermint Oil
"sore throat, back pain",Shatavari Capsules
"fatigue, nausea",Turmeric Capsules
"constipation, fever, depression",Fenugreek Seeds
"muscle pain, anxiety, dizziness",Peppermint Oil
"anxiety, joint pain, insomnia",Arjuna Bark
"insomnia, fatigue, itching",Fenugreek Seeds
"fatigue, diarrhea",Amla Tablets
"fever, headache",Shatavari Capsules
"constipation, skin rash",Fenugreek Seeds
"itching, constipation, fever",Turmeric Capsules
"cough, fever, skin rash, vomiting",Shatavari Capsules
"acne, muscle pain, cough",Brahmi Syrup
"dizziness, diarrhea",Shatavari Capsules
"depression, anxiety, headache",Ginger Powder
"dizziness, insomnia",Shatavari Capsules
"fever, anxiety, sore throat, vomiting",Ginger Powder
"anxiety, acne, joint pain, fever",Amla Tablets
"fever, fatigue, acne, anxiety",Peppermint Oil
"acne, nausea, headache, insomnia",Chamomile Tea
"depression, muscle pain, vomiting, nausea",Turmeric Capsules
"diarrhea, dizziness, back pain",Arjuna Bark
"dizziness, acne, constipation, stress",Chamomile Tea
"constipation, cough, nausea",Brahmi Syrup
"itching, headache, vomiting, fever",Triphala Juice
"stress, dizziness, diarrhea, anxiety",Turmeric Capsules
"joint pain, sore throat, skin rash",Arjuna Bark
"insomnia, back pain, cough, joint pain",Licorice Root
"joint pain, cough, constipation, muscle pain",Ginger Powder
"stress, insomnia, sore throat, back pain",Arjuna Bark
"sore throat, vomiting, fever",Moringa Powder
"diarrhea, back pain, fever, anxiety",Ashwagandha Capsules
"dizziness, joint pain, constipation",Triphala Juice
"stress, sore throat, cough, diarrhea",Brahmi Syrup
"cough, anxiety",Triphala Juice
"cough, fatigue, stress",Arjuna Bark
"insomnia, acne",Triphala Juice
"acne, dizziness, stress",Fenugreek Seeds
"sore throat, skin rash, acne",Licorice Root
"fever, joint pain, cough, anxiety",Chamomile Tea
"back pain, stress",Peppermint Oil
"itching, stress",Chamomile Tea
"constipation, insomnia, skin rash",Peppermint Oil
"acne, itching",Ginger Powder
"diarrhea, anxiety, sore throat",Peppermint Oil
"cough, itching, diarrhea",Brahmi Syrup
"depression, muscle pain, nausea",Ginger Powder
"headache, joint pain, stress",Fenugreek Seeds
"nausea, muscle pain, diarrhea",Chamomile Tea
"itching, constipation",Triphala Juice
"stress, vomiting, itching",Tulsi Extract
"sore throat, joint pain, depression",Ashwagandha Capsules
"dizziness, itching, diarrhea, vomiting",Chamomile Tea
"headache, vomiting",Turmeric Capsules
"cough, stress, depression, dizziness",Ashwagandha Capsules
"sore throat, vomiting, insomnia",Brahmi Syrup
"headache, nausea, fever",Triphala Juice
"itching, depression, dizziness, back pain",Ashwagandha Capsules
"fatigue, nausea",Fenugreek Seeds
"acne, sore throat, anxiety, constipation",Ashwagandha Capsules
"dizziness, fever, fatigue, itching",Tulsi Extract
"diarrhea, fatigue, itching, joint pain",Amla Tablets
"itching, vomiting, headache",Peppermint Oil
"fatigue, headache, joint pain, itching",Shatavari Capsules
"dizziness, fatigue, headache",Licorice Root
"cough, fatigue, depression",Fenugreek Seeds
"constipation, diarrhea, itching",Turmeric Capsules
"muscle pain, constipation",Arjuna Bark
"nausea, headache",Peppermint Oil
"diarrhea, fatigue, vomiting, acne",Turmeric Capsules
"constipation, muscle pain, vomiting",Brahmi Syrup
"constipation, insomnia",Ginger Powder
"nausea, insomnia, diarrhea",Peppermint Oil
"anxiety, stress",Arjuna Bark
"depression, anxiety, acne, stress",Turmeric Capsules
"insomnia, back pain",Peppermint Oil
"cough, dizziness, fatigue, muscle pain",Neem Tablets
"anxiety, depression, vomiting",Brahmi Syrup
"dizziness, fever",Moringa Powder
"dizziness, sore throat, joint pain",Tulsi Extract
"constipation, diarrhea, fever, itching",Peppermint Oil
"headache, stress, anxiety",Tulsi Extract
"acne, cough, diarrhea, vomiting",Turmeric Capsules
"anxiety, itching, insomnia, fatigue",Ashwagandha Capsules
"nausea, itching",Tulsi Extract
"constipation, anxiety, fever, headache",Tulsi Extract
"joint pain, sore throat, back pain, fatigue",Fenugreek Seeds
"acne, sore throat, nausea",Licorice Root
"depression, cough, muscle pain, fever",Shatavari Capsules
"anxiety, vomiting, fatigue",Ashwagandha Capsules
"itching, vomiting",Licorice Root
"nausea, skin rash, back pain",Chamomile Tea
"vomiting, stress",Triphala Juice
"diarrhea, vomiting, muscle pain",Ginger Powder
"vomiting, depression, dizziness",Triphala Juice
"stress, vomiting, insomnia",Ginger Powder
"cough, nausea",Peppermint Oil
"joint pain, skin rash, depression",Licorice Root
"muscle pain, skin rash",Neem Tablets
"depression, vomiting",Triphala Juice
"nausea, diarrhea, dizziness, joint pain",Triphala Juice
"diarrhea, headache",Peppermint Oil
"stress, nausea, fever, anxiety",Ginger Powder
"sore throat, nausea, constipation, fatigue",Tulsi Extract
"anxiety, fatigue, acne",Moringa Powder
"constipation, depression",Moringa Powder
"anxiety, vomiting, back pain",Brahmi Syrup
"stress, fever",Ginger Powder
"dizziness, itching",Shatavari Capsules
"vomiting, constipation, stress, headache",Peppermint Oil
"cough, stress, joint pain, acne",Ashwagandha Capsules
"headache, diarrhea",Brahmi Syrup
"constipation, fatigue, cough",Turmeric Capsules
"insomnia, vomiting, dizziness, headache",Peppermint Oil
"cough, nausea, dizziness",Ashwagandha Capsules
"anxiety, constipation, stress, nausea",Turmeric Capsules
"itching, joint pain, muscle pain, cough",Triphala Juice
"headache, insomnia",Triphala Juice
"stress, joint pain",Amla Tablets
"acne, nausea, muscle pain",Peppermint Oil
"joint pain, vomiting, nausea, depression",Peppermint Oil
"fatigue, insomnia, itching, cough",Amla Tablets
"vomiting, depression",Turmeric Capsules
"fatigue, stress, back pain",Chamomile Tea
"itching, nausea",Ginger Powder
"fever, vomiting",Moringa Powder
"nausea, sore throat, insomnia",Chamomile Tea
"sore throat, skin rash, muscle pain, insomnia",Tulsi Extract
"skin rash, itching, joint pain, sore throat",Moringa Powder
"cough, fever, joint pain",Peppermint Oil
"diarrhea, fever, depression, sore throat",Brahmi Syrup
"anxiety, sore throat, fever",Chamomile Tea
"diarrhea, fatigue, nausea",Tulsi Extract
"anxiety, depression",Arjuna Bark
"fever, depression, sore throat, fatigue",Ashwagandha Capsules
"joint pain, itching, back pain, acne",Licorice Root
"skin rash, depression, insomnia, vomiting",Licorice Root
"muscle pain, skin rash",Amla Tablets
"back pain, constipation, stress",Chamomile Tea
"acne, back pain",Turmeric Capsules
"fatigue, vomiting",Arjuna Bark
"back pain, diarrhea, fatigue, headache",Arjuna Bark
"anxiety, stress, muscle pain",Turmeric Capsules
"headache, fatigue",Amla Tablets
"skin rash, muscle pain",Turmeric Capsules
"anxiety, sore throat, cough, dizziness",Ashwagandha Capsules
"depression, cough",Tulsi Extract
"vomiting, cough, headache",Amla Tablets
"insomnia, itching",Turmeric Capsules
"fatigue, diarrhea",Tulsi Extract
"cough, insomnia",Neem Tablets
"skin rash, muscle pain",Peppermint Oil
"nausea, diarrhea",Ginger Powder
"acne, fever",Ashwagandha Capsules
"fatigue, back pain, sore throat",Peppermint Oil
"itching, diarrhea, constipation",Amla Tablets
"muscle pain, depression, acne",Ginger Powder
"fatigue, joint pain, headache, itching",Chamomile Tea
"stress, insomnia, joint pain, anxiety",Chamomile Tea
"diarrhea, headache",Neem Tablets
"fever, stress",Tulsi Extract
"depression, acne",Tulsi Extract
"itching, fever, diarrhea, depression",Arjuna Bark
"muscle pain, depression",Turmeric Capsules
"skin rash, fever",Ashwagandha Capsules
"stress, skin rash, back pain, joint pain",Peppermint Oil
"dizziness, anxiety, acne, depression",Tulsi Extract
"skin rash, sore throat",Neem Tablets
"sore throat, back pain, joint pain, vomiting",Neem Tablets
"skin rash, stress",Peppermint Oil
"dizziness, cough",Fenugreek Seeds
"dizziness, joint pain",Peppermint Oil
"dizziness, itching, diarrhea, fever",Neem Tablets
"cough, insomnia, sore throat, itching",Amla Tablets
"fatigue, diarrhea",Triphala Juice
"headache, fatigue, vomiting",Neem Tablets
"nausea, fever",Moringa Powder
"constipation, nausea, cough",Amla Tablets
"fatigue, joint pain, acne, vomiting",Turmeric Capsules
"diarrhea, cough, muscle pain, headache",Arjuna Bark
"joint pain, itching, depression",Shatavari Capsules
"constipation, anxiety",Brahmi Syrup
"headache, insomnia, dizziness, depression",Neem Tablets
"back pain, vomiting",Fenugreek Seeds
"stress, skin rash, muscle pain",Brahmi Syrup
"fever, dizziness",Brahmi Syrup
"dizziness, skin rash",Arjuna Bark
"insomnia, nausea, skin rash, anxiety",Neem Tablets
"skin rash, dizziness",Moringa Powder
"skin rash, insomnia, itching, anxiety",Arjuna Bark
"cough, dizziness, fatigue, joint pain",Chamomile Tea
"dizziness, cough, sore throat",Turmeric Capsules
"back pain, stress",Peppermint Oil
"diarrhea, stress",Fenugreek Seeds
"muscle pain, acne",Licorice Root
"stress, itching, fatigue, depression",Chamomile Tea
"acne, cough",Moringa Powder
"insomnia, nausea, cough, sore throat",Triphala Juice
"diarrhea, headache",Moringa Powder
"anxiety, cough",Turmeric Capsules
"back pain, vomiting, muscle pain",Ginger Powder
"fatigue, nausea, headache",Chamomile Tea
"vomiting, fever, sore throat, cough",Peppermint Oil
"depression, skin rash, headache",Peppermint Oil
"anxiety, dizziness",Neem Tablets
